"","X","event.id","visible","timestamp","gps.activity.count","argos.altitude","battery.charging.current","cpu.temperature","external.temperature","gps.dop","gps.fix.type.raw","gps.satellite.count","gps.twilight","height.above.ellipsoid","lat.upper","long.upper","mortality.status","transmission.protocol","sensor.type","individual.taxon.canonical.name","tag.local.identifier","individual.local.identifier","study.name","Date","Time","Year","Month","Day","location-long","location-lat"
"1",5184,23487737260,TRUE,"2021-08-02 19:01:26",NA,NA,NA,40,NA,3.4,"3D valid GPS Fix",4,"BRIGHT",91,NA,NA,"normal / nothing detected","Collar","gps",NA,47781,NA,"Odocoileus virginianus DeNicola Staten Island, NY and Rockefeller Park, NY","2021-08-02","19:01:26",2021,8,2,-72.4644407272419,41.5062189844302
"2",5185,23487737261,TRUE,"2021-08-02 20:00:24",NA,NA,NA,38,NA,2.8,"3D valid GPS Fix",4,"BRIGHT",118,NA,NA,"normal / nothing detected","Collar","gps",NA,47781,NA,"Odocoileus virginianus DeNicola Staten Island, NY and Rockefeller Park, NY","2021-08-02","20:00:24",2021,8,2,-72.464533366745,41.50607378196
"3",5186,23487737262,TRUE,"2021-08-02 21:00:40",NA,NA,NA,37,NA,5,"3D valid GPS Fix",4,"BRIGHT",117,NA,NA,"normal / nothing detected","Collar","gps",NA,47781,NA,"Odocoileus virginianus DeNicola Staten Island, NY and Rockefeller Park, NY","2021-08-02","21:00:40",2021,8,2,-72.4646643895993,41.5062253787644
"4",5187,23487737432,TRUE,"2021-08-02 22:02:04",NA,NA,NA,31,NA,3.4,"3D valid GPS Fix",5,"BRIGHT",92,NA,NA,"normal / nothing detected","Iridium TCP","gps",NA,47781,NA,"Odocoileus virginianus DeNicola Staten Island, NY and Rockefeller Park, NY","2021-08-02","22:02:04",2021,8,2,-72.4644635691973,41.5062360654431
"5",5188,23487737263,TRUE,"2021-08-02 23:00:38",NA,NA,NA,26,NA,6.4,"3D valid GPS Fix",3,"BRIGHT",154,NA,NA,"normal / nothing detected","Collar","gps",NA,47781,NA,"Odocoileus virginianus DeNicola Staten Island, NY and Rockefeller Park, NY","2021-08-02","23:00:38",2021,8,2,-72.4648159560486,41.5060538484888
"6",5189,23487737264,TRUE,"2021-08-03 00:00:22",NA,NA,NA,24,NA,3,"3D valid GPS Fix",3,"BRIGHT",85,NA,NA,"normal / nothing detected","Collar","gps",NA,47781,NA,"Odocoileus virginianus DeNicola Staten Island, NY and Rockefeller Park, NY","2021-08-03","00:00:22",2021,8,3,-72.4644118566814,41.5062645004449
"7",5190,23487737265,TRUE,"2021-08-03 01:00:38",NA,NA,NA,22,NA,2.2,"3D valid GPS Fix",4,"TWILIGHT",99,NA,NA,"normal / nothing detected","Collar","gps",NA,47781,NA,"Odocoileus virginianus DeNicola Staten Island, NY and Rockefeller Park, NY","2021-08-03","01:00:38",2021,8,3,-72.4645970532273,41.5061039847829
"8",5191,23487737433,TRUE,"2021-08-03 02:00:32",NA,NA,NA,20,NA,3,"3D valid GPS Fix",3,"DARK",80,NA,NA,"normal / nothing detected","Iridium TCP","gps",NA,47781,NA,"Odocoileus virginianus DeNicola Staten Island, NY and Rockefeller Park, NY","2021-08-03","02:00:32",2021,8,3,-72.4642483964862,41.5058968802818
"9",5192,23487737434,TRUE,"2021-08-03 02:24:29",NA,NA,NA,20,NA,2.6,"3D valid GPS Fix",4,"DARK",81,NA,NA,"Mortality no radius","Iridium TCP","gps",NA,47781,NA,"Odocoileus virginianus DeNicola Staten Island, NY and Rockefeller Park, NY","2021-08-03","02:24:29",2021,8,3,-72.4645621546609,41.5061311846952
"10",5193,23487737435,TRUE,"2021-08-03 02:54:34",NA,NA,NA,19,NA,2.2,"3D valid GPS Fix",4,"DARK",126,NA,NA,"Mortality no radius","Iridium TCP","gps",NA,47781,NA,"Odocoileus virginianus DeNicola Staten Island, NY and Rockefeller Park, NY","2021-08-03","02:54:34",2021,8,3,-72.4648736153589,41.5061061912296
"11",5194,23487737436,TRUE,"2021-08-03 03:24:24",NA,NA,NA,19,NA,3.6,"3D valid GPS Fix",3,"DARK",111,NA,NA,"Mortality no radius","Iridium TCP","gps",NA,47781,NA,"Odocoileus virginianus DeNicola Staten Island, NY and Rockefeller Park, NY","2021-08-03","03:24:24",2021,8,3,-72.4645669937734,41.5062466227116
"12",5195,23487737437,TRUE,"2021-08-03 03:55:02",NA,NA,NA,18,NA,6.8,"3D valid GPS Fix",3,"DARK",55,NA,NA,"Mortality no radius","Iridium TCP","gps",NA,47781,NA,"Odocoileus virginianus DeNicola Staten Island, NY and Rockefeller Park, NY","2021-08-03","03:55:02",2021,8,3,-72.4644538902852,41.5062614136454
"13",5196,23487737438,TRUE,"2021-08-03 04:24:28",NA,NA,NA,18,NA,5,"3D valid GPS Fix",3,"DARK",118,NA,NA,"Mortality no radius","Iridium TCP","gps",NA,47781,NA,"Odocoileus virginianus DeNicola Staten Island, NY and Rockefeller Park, NY","2021-08-03","04:24:28",2021,8,3,-72.4645790503876,41.5060944584006
"14",5197,23487737439,TRUE,"2021-08-03 04:55:02",NA,NA,NA,17,NA,3,"3D valid GPS Fix",3,"DARK",141,NA,NA,"Mortality no radius","Iridium TCP","gps",NA,47781,NA,"Odocoileus virginianus DeNicola Staten Island, NY and Rockefeller Park, NY","2021-08-03","04:55:02",2021,8,3,-72.4648207142651,41.506272203889
"15",5198,23487737440,TRUE,"2021-08-03 05:24:30",NA,NA,NA,17,NA,3,"3D valid GPS Fix",4,"DARK",113,NA,NA,"Mortality no radius","Iridium TCP","gps",NA,47781,NA,"Odocoileus virginianus DeNicola Staten Island, NY and Rockefeller Park, NY","2021-08-03","05:24:30",2021,8,3,-72.4646716071068,41.5061600581154
"16",5199,23487737441,TRUE,"2021-08-03 05:55:38",NA,NA,NA,16,NA,3,"3D valid GPS Fix",4,"DARK",111,NA,NA,"Mortality no radius","Iridium TCP","gps",NA,47781,NA,"Odocoileus virginianus DeNicola Staten Island, NY and Rockefeller Park, NY","2021-08-03","05:55:38",2021,8,3,-72.4644527843246,41.5062016742437
"17",5200,23487737442,TRUE,"2021-08-03 06:24:38",NA,NA,NA,16,NA,4.2,"3D valid GPS Fix",4,"DARK",93,NA,NA,"Mortality no radius","Iridium TCP","gps",NA,47781,NA,"Odocoileus virginianus DeNicola Staten Island, NY and Rockefeller Park, NY","2021-08-03","06:24:38",2021,8,3,-72.4645681830051,41.5061495006745
"18",5201,23487737443,TRUE,"2021-08-03 06:54:38",NA,NA,NA,16,NA,5.4,"3D valid GPS Fix",4,"DARK",94,NA,NA,"Mortality no radius","Iridium TCP","gps",NA,47781,NA,"Odocoileus virginianus DeNicola Staten Island, NY and Rockefeller Park, NY","2021-08-03","06:54:38",2021,8,3,-72.4645309059114,41.5061956340688
"19",5202,23487737444,TRUE,"2021-08-03 07:24:36",NA,NA,NA,15,NA,6.2,"3D valid GPS Fix",5,"DARK",75,NA,NA,"Mortality no radius","Iridium TCP","gps",NA,47781,NA,"Odocoileus virginianus DeNicola Staten Island, NY and Rockefeller Park, NY","2021-08-03","07:24:36",2021,8,3,-72.4645633438899,41.5061554317356
"20",5203,23487737445,TRUE,"2021-08-03 07:54:29",NA,NA,NA,15,NA,3.4,"3D valid GPS Fix",5,"DARK",13,NA,NA,"Mortality no radius","Iridium TCP","gps",NA,47781,NA,"Odocoileus virginianus DeNicola Staten Island, NY and Rockefeller Park, NY","2021-08-03","07:54:29",2021,8,3,-72.4645800754951,41.5061896888777
"21",5204,23487737266,TRUE,"2021-08-03 08:26:38",NA,NA,NA,15,NA,4.2,"3D valid GPS Fix",4,"DARK",83,NA,NA,"Mortality no radius","Collar","gps",NA,47781,NA,"Odocoileus virginianus DeNicola Staten Island, NY and Rockefeller Park, NY","2021-08-03","08:26:38",2021,8,3,-72.4646162454798,41.50623215676
"22",5205,23487737267,TRUE,"2021-08-03 09:00:40",NA,NA,NA,14,NA,3.4,"3D valid GPS Fix",4,"TWILIGHT",78,NA,NA,"Mortality no radius","Collar","gps",NA,47781,NA,"Odocoileus virginianus DeNicola Staten Island, NY and Rockefeller Park, NY","2021-08-03","09:00:40",2021,8,3,-72.464480382663,41.5062213451775
"23",5206,23487737268,TRUE,"2021-08-03 10:00:40",NA,NA,NA,14,NA,6,"3D valid GPS Fix",4,"BRIGHT",101,NA,NA,"Mortality no radius","Collar","gps",NA,47781,NA,"Odocoileus virginianus DeNicola Staten Island, NY and Rockefeller Park, NY","2021-08-03","10:00:40",2021,8,3,-72.4645056856666,41.5060896027308
"24",5207,23487737269,TRUE,"2021-08-03 11:00:16",NA,NA,NA,14,NA,3.6,"3D valid GPS Fix",4,"BRIGHT",125,NA,NA,"Mortality no radius","Collar","gps",NA,47781,NA,"Odocoileus virginianus DeNicola Staten Island, NY and Rockefeller Park, NY","2021-08-03","11:00:16",2021,8,3,-72.4644564346724,41.5060636129712
"25",5208,23487737446,TRUE,"2021-08-03 12:00:38",NA,NA,NA,16,NA,2.4,"3D valid GPS Fix",6,"BRIGHT",96,NA,NA,"Mortality no radius","Iridium TCP","gps",NA,47781,NA,"Odocoileus virginianus DeNicola Staten Island, NY and Rockefeller Park, NY","2021-08-03","12:00:38",2021,8,3,-72.4645982424985,41.5061552026811
"26",5209,23487737270,TRUE,"2021-08-03 13:00:37",NA,NA,NA,18,NA,2.4,"3D valid GPS Fix",5,"BRIGHT",139,NA,NA,"Mortality no radius","Collar","gps",NA,47781,NA,"Odocoileus virginianus DeNicola Staten Island, NY and Rockefeller Park, NY","2021-08-03","13:00:37",2021,8,3,-72.4646692283801,41.5062464182657
"27",5210,23487737271,TRUE,"2021-08-03 14:00:40",NA,NA,NA,21,NA,3,"3D valid GPS Fix",5,"BRIGHT",96,NA,NA,"Mortality no radius","Collar","gps",NA,47781,NA,"Odocoileus virginianus DeNicola Staten Island, NY and Rockefeller Park, NY","2021-08-03","14:00:40",2021,8,3,-72.4647532976235,41.5064155551969
"28",5211,23487737272,TRUE,"2021-08-03 15:00:38",NA,NA,NA,25,NA,2.8,"3D valid GPS Fix",5,"BRIGHT",84,NA,NA,"Mortality no radius","Collar","gps",NA,47781,NA,"Odocoileus virginianus DeNicola Staten Island, NY and Rockefeller Park, NY","2021-08-03","15:00:38",2021,8,3,-72.4644719759224,41.5062219625781
"29",5212,23487737447,TRUE,"2021-08-03 16:00:38",NA,NA,NA,26,NA,2.2,"3D valid GPS Fix",6,"BRIGHT",96,NA,NA,"Mortality no radius","Iridium TCP","gps",NA,47781,NA,"Odocoileus virginianus DeNicola Staten Island, NY and Rockefeller Park, NY","2021-08-03","16:00:38",2021,8,3,-72.4644695977104,41.5061734684896
"30",5213,23487737273,TRUE,"2021-08-03 17:00:12",NA,NA,NA,29,NA,2.4,"3D valid GPS Fix",6,"BRIGHT",74,NA,NA,"Mortality no radius","Collar","gps",NA,47781,NA,"Odocoileus virginianus DeNicola Staten Island, NY and Rockefeller Park, NY","2021-08-03","17:00:12",2021,8,3,-72.4644647582958,41.5061389430748
"31",5214,23487737274,TRUE,"2021-08-03 18:00:17",NA,NA,NA,31,NA,4.4,"3D valid GPS Fix",4,"BRIGHT",86,NA,NA,"Mortality no radius","Collar","gps",NA,47781,NA,"Odocoileus virginianus DeNicola Staten Island, NY and Rockefeller Park, NY","2021-08-03","18:00:17",2021,8,3,-72.4644768153132,41.5060407200976
"32",5215,23487737275,TRUE,"2021-08-03 19:00:40",NA,NA,NA,30,NA,6.8,"3D valid GPS Fix",4,"BRIGHT",117,NA,NA,"Mortality no radius","Collar","gps",NA,47781,NA,"Odocoileus virginianus DeNicola Staten Island, NY and Rockefeller Park, NY","2021-08-03","19:00:40",2021,8,3,-72.4644816546745,41.5061561584605
"33",5216,23487737448,TRUE,"2021-08-03 20:00:33",NA,NA,NA,33,NA,2.2,"3D valid GPS Fix",5,"BRIGHT",83,NA,NA,"Mortality no radius","Iridium TCP","gps",NA,47781,NA,"Odocoileus virginianus DeNicola Staten Island, NY and Rockefeller Park, NY","2021-08-03","20:00:33",2021,8,3,-72.4646090279081,41.5062570212644
"34",5217,23487737276,TRUE,"2021-08-03 21:00:15",NA,NA,NA,30,NA,3.2,"3D valid GPS Fix",5,"BRIGHT",100,NA,NA,"Mortality no radius","Collar","gps",NA,47781,NA,"Odocoileus virginianus DeNicola Staten Island, NY and Rockefeller Park, NY","2021-08-03","21:00:15",2021,8,3,-72.4645441518721,41.5061216581973
"35",5218,23487737277,TRUE,"2021-08-03 22:00:40",NA,NA,NA,27,NA,2.4,"3D valid GPS Fix",5,"BRIGHT",87,NA,NA,"Mortality no radius","Collar","gps",NA,47781,NA,"Odocoileus virginianus DeNicola Staten Island, NY and Rockefeller Park, NY","2021-08-03","22:00:40",2021,8,3,-72.464658361436,41.5060317517821
"36",5219,23487737278,TRUE,"2021-08-03 23:00:20",NA,NA,NA,24,NA,3.2,"3D valid GPS Fix",4,"BRIGHT",81,NA,NA,"Mortality no radius","Collar","gps",NA,47781,NA,"Odocoileus virginianus DeNicola Staten Island, NY and Rockefeller Park, NY","2021-08-03","23:00:20",2021,8,3,-72.4645789683105,41.5062513192862
"37",5220,23487737449,TRUE,"2021-08-04 00:00:38",NA,NA,NA,21,NA,5.2,"3D valid GPS Fix",3,"BRIGHT",110,NA,NA,"Mortality no radius","Iridium TCP","gps",NA,47781,NA,"Odocoileus virginianus DeNicola Staten Island, NY and Rockefeller Park, NY","2021-08-04","00:00:38",2021,8,4,-72.4645802396312,41.5060917343629
"38",5221,23487737279,TRUE,"2021-08-04 01:00:34",NA,NA,NA,19,NA,6.8,"3D valid GPS Fix",4,"TWILIGHT",-53,NA,NA,"Mortality no radius","Collar","gps",NA,47781,NA,"Odocoileus virginianus DeNicola Staten Island, NY and Rockefeller Park, NY","2021-08-04","01:00:34",2021,8,4,-72.4655562703016,41.5059753489729
"39",5222,23487737280,TRUE,"2021-08-04 02:00:38",NA,NA,NA,18,NA,2.6,"3D valid GPS Fix",5,"DARK",97,NA,NA,"Mortality no radius","Collar","gps",NA,47781,NA,"Odocoileus virginianus DeNicola Staten Island, NY and Rockefeller Park, NY","2021-08-04","02:00:38",2021,8,4,-72.4645297167282,41.5061444161321
"40",5223,23487737281,TRUE,"2021-08-04 03:00:31",NA,NA,NA,18,NA,2,"3D valid GPS Fix",4,"DARK",119,NA,NA,"Mortality no radius","Collar","gps",NA,47781,NA,"Odocoileus virginianus DeNicola Staten Island, NY and Rockefeller Park, NY","2021-08-04","03:00:31",2021,8,4,-72.464759406225,41.5059938159491
"41",5224,23487737450,TRUE,"2021-08-04 04:01:04",NA,NA,NA,17,NA,3.4,"3D valid GPS Fix",4,"DARK",72,NA,NA,"Mortality no radius","Iridium TCP","gps",NA,47781,NA,"Odocoileus virginianus DeNicola Staten Island, NY and Rockefeller Park, NY","2021-08-04","04:01:04",2021,8,4,-72.4644671365022,41.5062953213893
"42",5225,23487737282,TRUE,"2021-08-04 05:00:13",NA,NA,NA,16,NA,3,"3D valid GPS Fix",4,"DARK",105,NA,NA,"Mortality no radius","Collar","gps",NA,47781,NA,"Odocoileus virginianus DeNicola Staten Island, NY and Rockefeller Park, NY","2021-08-04","05:00:13",2021,8,4,-72.4646884208802,41.5061992795242
"43",5226,23487737283,TRUE,"2021-08-04 06:00:41",NA,NA,NA,16,NA,2.6,"3D valid GPS Fix",5,"DARK",98,NA,NA,"Mortality no radius","Collar","gps",NA,47781,NA,"Odocoileus virginianus DeNicola Staten Island, NY and Rockefeller Park, NY","2021-08-04","06:00:41",2021,8,4,-72.4646054600487,41.5061573091703
"44",5227,23487737284,TRUE,"2021-08-04 07:00:23",NA,NA,NA,15,NA,4.4,"3D valid GPS Fix",4,"DARK",45,NA,NA,"Mortality no radius","Collar","gps",NA,47781,NA,"Odocoileus virginianus DeNicola Staten Island, NY and Rockefeller Park, NY","2021-08-04","07:00:23",2021,8,4,-72.46458253608,41.5061487488255
"45",5228,23487737451,TRUE,"2021-08-04 08:01:08",NA,NA,NA,15,NA,3,"3D valid GPS Fix",5,"DARK",111,NA,NA,"Mortality no radius","Iridium TCP","gps",NA,47781,NA,"Odocoileus virginianus DeNicola Staten Island, NY and Rockefeller Park, NY","2021-08-04","08:01:08",2021,8,4,-72.4646343301921,41.5061792205416
"46",5229,23487737285,TRUE,"2021-08-04 09:00:40",NA,NA,NA,15,NA,2.4,"3D valid GPS Fix",6,"TWILIGHT",92,NA,NA,"Mortality no radius","Collar","gps",NA,47781,NA,"Odocoileus virginianus DeNicola Staten Island, NY and Rockefeller Park, NY","2021-08-04","09:00:40",2021,8,4,-72.4645224991476,41.5061153386664
"47",5230,23487737286,TRUE,"2021-08-04 10:00:40",NA,NA,NA,15,NA,2.6,"3D valid GPS Fix",6,"BRIGHT",95,NA,NA,"Mortality no radius","Collar","gps",NA,47781,NA,"Odocoileus virginianus DeNicola Staten Island, NY and Rockefeller Park, NY","2021-08-04","10:00:40",2021,8,4,-72.4645609654351,41.5061878506041
"48",5231,23487737287,TRUE,"2021-08-04 11:00:09",NA,NA,NA,15,NA,2.8,"3D valid GPS Fix",5,"BRIGHT",112,NA,NA,"Mortality no radius","Collar","gps",NA,47781,NA,"Odocoileus virginianus DeNicola Staten Island, NY and Rockefeller Park, NY","2021-08-04","11:00:09",2021,8,4,-72.4645802396312,41.506118705262
"49",5232,23487737452,TRUE,"2021-08-04 12:01:04",NA,NA,NA,16,NA,3,"3D valid GPS Fix",4,"BRIGHT",84,NA,NA,"Mortality no radius","Iridium TCP","gps",NA,47781,NA,"Odocoileus virginianus DeNicola Staten Island, NY and Rockefeller Park, NY","2021-08-04","12:01:04",2021,8,4,-72.4644407272419,41.5061515570162
"50",5233,23487737288,TRUE,"2021-08-04 13:00:38",NA,NA,NA,19,NA,2,"3D valid GPS Fix",5,"BRIGHT",129,NA,NA,"Mortality no radius","Collar","gps",NA,47781,NA,"Odocoileus virginianus DeNicola Staten Island, NY and Rockefeller Park, NY","2021-08-04","13:00:38",2021,8,4,-72.4645249600267,41.5061283411684
"51",5234,23487737289,TRUE,"2021-08-04 14:00:51",NA,NA,NA,21,NA,4.8,"3D valid GPS Fix",4,"BRIGHT",99,NA,NA,"Mortality no radius","Collar","gps",NA,47781,NA,"Odocoileus virginianus DeNicola Staten Island, NY and Rockefeller Park, NY","2021-08-04","14:00:51",2021,8,4,-72.4646138668856,41.5062241190201
"52",5235,23487737290,TRUE,"2021-08-04 15:00:46",NA,NA,NA,23,NA,3,"3D valid GPS Fix",4,"BRIGHT",90,NA,NA,"Mortality no radius","Collar","gps",NA,47781,NA,"Odocoileus virginianus DeNicola Staten Island, NY and Rockefeller Park, NY","2021-08-04","15:00:46",2021,8,4,-72.4644864111584,41.5062261755198
"53",5236,23487737453,TRUE,"2021-08-04 16:00:38",NA,NA,NA,24,NA,7.2,"3D valid GPS Fix",4,"BRIGHT",93,NA,NA,"Mortality no radius","Iridium TCP","gps",NA,47781,NA,"Odocoileus virginianus DeNicola Staten Island, NY and Rockefeller Park, NY","2021-08-04","16:00:38",2021,8,4,-72.4645224991476,41.5061288241521
"54",5237,23487737291,TRUE,"2021-08-04 17:00:16",NA,NA,NA,25,NA,4.2,"3D valid GPS Fix",4,"BRIGHT",84,NA,NA,"Mortality no radius","Collar","gps",NA,47781,NA,"Odocoileus virginianus DeNicola Staten Island, NY and Rockefeller Park, NY","2021-08-04","17:00:16",2021,8,4,-72.464643926374,41.5060545097373
"55",5238,23487737292,TRUE,"2021-08-04 18:00:40",NA,NA,NA,27,NA,3.2,"3D valid GPS Fix",6,"BRIGHT",108,NA,NA,"Mortality no radius","Collar","gps",NA,47781,NA,"Odocoileus virginianus DeNicola Staten Island, NY and Rockefeller Park, NY","2021-08-04","18:00:40",2021,8,4,-72.4647016664837,41.5060848474077
"56",5239,23487737293,TRUE,"2021-08-04 19:00:15",NA,NA,NA,26,NA,6.4,"3D valid GPS Fix",4,"BRIGHT",72,NA,NA,"Mortality no radius","Collar","gps",NA,47781,NA,"Odocoileus virginianus DeNicola Staten Island, NY and Rockefeller Park, NY","2021-08-04","19:00:15",2021,8,4,-72.4644971961908,41.5062740524052
"57",5240,23487737294,TRUE,"2021-08-04 21:00:35",NA,NA,NA,22,NA,4.2,"3D valid GPS Fix",5,"BRIGHT",97,NA,NA,"Mortality no radius","Collar","gps",NA,47781,NA,"Odocoileus virginianus DeNicola Staten Island, NY and Rockefeller Park, NY","2021-08-04","21:00:35",2021,8,4,-72.4645838073807,41.5062184170457
"58",5241,23487737295,TRUE,"2021-08-04 22:02:00",NA,NA,NA,21,NA,3.6,"3D valid GPS Fix",4,"BRIGHT",89,NA,NA,"Mortality no radius","Collar","gps",NA,47781,NA,"Odocoileus virginianus DeNicola Staten Island, NY and Rockefeller Park, NY","2021-08-04","22:02:00",2021,8,4,-72.4644707868148,41.5061842300341
"59",5242,23487737296,TRUE,"2021-08-04 23:01:06",NA,NA,NA,21,NA,6.4,"3D valid GPS Fix",3,"BRIGHT",98,NA,NA,"Mortality no radius","Collar","gps",NA,47781,NA,"Odocoileus virginianus DeNicola Staten Island, NY and Rockefeller Park, NY","2021-08-04","23:01:06",2021,8,4,-72.4645597762125,41.5061366326797
"60",5243,23487737455,TRUE,"2021-08-05 00:00:17",NA,NA,NA,20,NA,2.6,"3D valid GPS Fix",3,"BRIGHT",127,NA,NA,"Mortality no radius","Iridium TCP","gps",NA,47781,NA,"Odocoileus virginianus DeNicola Staten Island, NY and Rockefeller Park, NY","2021-08-05","00:00:17",2021,8,5,-72.4646836633416,41.5060753211124
"61",5244,23487737297,TRUE,"2021-08-05 01:00:39",NA,NA,NA,20,NA,6,"3D valid GPS Fix",3,"TWILIGHT",74,NA,NA,"Mortality no radius","Collar","gps",NA,47781,NA,"Odocoileus virginianus DeNicola Staten Island, NY and Rockefeller Park, NY","2021-08-05","01:00:39",2021,8,5,-72.4645405018894,41.5061383506855
"62",5245,23487737298,TRUE,"2021-08-05 02:00:38",NA,NA,NA,19,NA,2.2,"3D valid GPS Fix",3,"DARK",109,NA,NA,"Mortality no radius","Collar","gps",NA,47781,NA,"Odocoileus virginianus DeNicola Staten Island, NY and Rockefeller Park, NY","2021-08-05","02:00:38",2021,8,5,-72.4647461607861,41.5060273351125
"63",5246,23487737299,TRUE,"2021-08-05 03:00:36",NA,NA,NA,19,NA,2.8,"3D valid GPS Fix",4,"DARK",112,NA,NA,"Mortality no radius","Collar","gps",NA,47781,NA,"Odocoileus virginianus DeNicola Staten Island, NY and Rockefeller Park, NY","2021-08-05","03:00:36",2021,8,5,-72.4647413222331,41.5062625186511
"64",5247,23487737456,TRUE,"2021-08-05 04:00:36",NA,NA,NA,18,NA,5.6,"3D valid GPS Fix",4,"DARK",66,NA,NA,"Mortality no radius","Iridium TCP","gps",NA,47781,NA,"Odocoileus virginianus DeNicola Staten Island, NY and Rockefeller Park, NY","2021-08-05","04:00:36",2021,8,5,-72.4644370767971,41.5062491628582
"65",5248,23487737300,TRUE,"2021-08-05 05:00:36",NA,NA,NA,18,NA,2.8,"3D valid GPS Fix",5,"DARK",135,NA,NA,"Mortality no radius","Collar","gps",NA,47781,NA,"Odocoileus virginianus DeNicola Staten Island, NY and Rockefeller Park, NY","2021-08-05","05:00:36",2021,8,5,-72.464913271346,41.5063243179661
"66",5249,23487737301,TRUE,"2021-08-05 06:00:33",NA,NA,NA,17,NA,2.4,"3D valid GPS Fix",5,"DARK",121,NA,NA,"Mortality no radius","Collar","gps",NA,47781,NA,"Odocoileus virginianus DeNicola Staten Island, NY and Rockefeller Park, NY","2021-08-05","06:00:33",2021,8,5,-72.4646547933956,41.5061208368018
"67",5250,23487737302,TRUE,"2021-08-05 07:00:26",NA,NA,NA,17,NA,2.4,"3D valid GPS Fix",5,"DARK",114,NA,NA,"Mortality no radius","Collar","gps",NA,47781,NA,"Odocoileus virginianus DeNicola Staten Island, NY and Rockefeller Park, NY","2021-08-05","07:00:26",2021,8,5,-72.4644972789493,41.5061576474916
"68",5251,23487737457,TRUE,"2021-08-05 08:01:24",NA,NA,NA,17,NA,2.8,"3D valid GPS Fix",5,"DARK",60,NA,NA,"Mortality no radius","Iridium TCP","gps",NA,47781,NA,"Odocoileus virginianus DeNicola Staten Island, NY and Rockefeller Park, NY","2021-08-05","08:01:24",2021,8,5,-72.4646198133948,41.5062509562108
"69",5252,23487737303,TRUE,"2021-08-05 09:00:33",NA,NA,NA,17,NA,2.4,"3D valid GPS Fix",5,"TWILIGHT",102,NA,NA,"Mortality no radius","Collar","gps",NA,47781,NA,"Odocoileus virginianus DeNicola Staten Island, NY and Rockefeller Park, NY","2021-08-05","09:00:33",2021,8,5,-72.4646187058336,41.5060563624369
"70",5253,23487737304,TRUE,"2021-08-05 10:00:39",NA,NA,NA,17,NA,7.4,"3D valid GPS Fix",4,"BRIGHT",107,NA,NA,"Mortality no radius","Collar","gps",NA,47781,NA,"Odocoileus virginianus DeNicola Staten Island, NY and Rockefeller Park, NY","2021-08-05","10:00:39",2021,8,5,-72.4644756262028,41.5061648134614
"71",5254,23487737305,TRUE,"2021-08-05 11:00:32",NA,NA,NA,17,NA,2.6,"3D valid GPS Fix",6,"BRIGHT",77,NA,NA,"Mortality no radius","Collar","gps",NA,47781,NA,"Odocoileus virginianus DeNicola Staten Island, NY and Rockefeller Park, NY","2021-08-05","11:00:32",2021,8,5,-72.4645104422844,41.5061865907041
"72",5255,23487737458,TRUE,"2021-08-05 12:00:19",NA,NA,NA,17,NA,3.6,"3D valid GPS Fix",5,"BRIGHT",98,NA,NA,"Mortality no radius","Iridium TCP","gps",NA,47781,NA,"Odocoileus virginianus DeNicola Staten Island, NY and Rockefeller Park, NY","2021-08-05","12:00:19",2021,8,5,-72.4645922142077,41.5062852269071
"73",5256,23487737306,TRUE,"2021-08-05 13:00:39",NA,NA,NA,18,NA,2.2,"3D valid GPS Fix",5,"BRIGHT",107,NA,NA,"Mortality no radius","Collar","gps",NA,47781,NA,"Odocoileus virginianus DeNicola Staten Island, NY and Rockefeller Park, NY","2021-08-05","13:00:39",2021,8,5,-72.4646042707685,41.5061600331233
"74",5257,23487737307,TRUE,"2021-08-05 14:00:38",NA,NA,NA,18,NA,5,"3D valid GPS Fix",4,"BRIGHT",92,NA,NA,"Mortality no radius","Collar","gps",NA,47781,NA,"Odocoileus virginianus DeNicola Staten Island, NY and Rockefeller Park, NY","2021-08-05","14:00:38",2021,8,5,-72.4644780044266,41.5061863365209
"75",5258,23487737459,TRUE,"2021-08-05 15:00:36",NA,NA,NA,20,NA,2.8,"3D valid GPS Fix",6,"BRIGHT",93,NA,NA,"Mortality no radius","Collar","gps",NA,47781,NA,"Odocoileus virginianus DeNicola Staten Island, NY and Rockefeller Park, NY","2021-08-05","15:00:36",2021,8,5,-72.4644635691973,41.5062495509034
"76",5259,23487737610,TRUE,"2021-08-05 16:00:11",NA,NA,NA,21,NA,3.8,"3D valid GPS Fix",5,"BRIGHT",85,NA,NA,"Mortality no radius","Iridium TCP","gps",NA,47781,NA,"Odocoileus virginianus DeNicola Staten Island, NY and Rockefeller Park, NY","2021-08-05","16:00:11",2021,8,5,-72.4644864111584,41.5061722335984
"77",5260,23487737460,TRUE,"2021-08-05 17:00:20",NA,NA,NA,24,NA,4.4,"3D valid GPS Fix",4,"BRIGHT",122,NA,NA,"Mortality no radius","Collar","gps",NA,47781,NA,"Odocoileus virginianus DeNicola Staten Island, NY and Rockefeller Park, NY","2021-08-05","17:00:20",2021,8,5,-72.4645550193534,41.5060396452234
"78",5261,23487737461,TRUE,"2021-08-05 18:01:38",NA,NA,NA,25,NA,3.8,"3D valid GPS Fix",4,"BRIGHT",99,NA,NA,"Mortality no radius","Collar","gps",NA,47781,NA,"Odocoileus virginianus DeNicola Staten Island, NY and Rockefeller Park, NY","2021-08-05","18:01:38",2021,8,5,-72.4645597762125,41.5061501181474
"79",5262,23487737462,TRUE,"2021-08-05 19:00:36",NA,NA,NA,23,NA,6,"3D valid GPS Fix",4,"BRIGHT",93,NA,NA,"Mortality no radius","Collar","gps",NA,47781,NA,"Odocoileus virginianus DeNicola Staten Island, NY and Rockefeller Park, NY","2021-08-05","19:00:36",2021,8,5,-72.4644936287677,41.5062282819873
"80",5263,23487737611,TRUE,"2021-08-05 20:00:27",NA,NA,NA,22,NA,4.8,"3D valid GPS Fix",4,"BRIGHT",50,NA,NA,"Mortality no radius","Iridium TCP","gps",NA,47781,NA,"Odocoileus virginianus DeNicola Staten Island, NY and Rockefeller Park, NY","2021-08-05","20:00:27",2021,8,5,-72.4646090279081,41.5059198825699
"81",5264,23487737463,TRUE,"2021-08-05 21:00:38",NA,NA,NA,22,NA,4.4,"3D valid GPS Fix",4,"BRIGHT",83,NA,NA,"Mortality no radius","Collar","gps",NA,47781,NA,"Odocoileus virginianus DeNicola Staten Island, NY and Rockefeller Park, NY","2021-08-05","21:00:38",2021,8,5,-72.4646018103307,41.5062818857691
"82",5265,23487737465,TRUE,"2021-08-05 23:00:41",NA,NA,NA,22,NA,6.4,"3D valid GPS Fix",3,"BRIGHT",230,NA,NA,"Mortality no radius","Collar","gps",NA,47781,NA,"Odocoileus virginianus DeNicola Staten Island, NY and Rockefeller Park, NY","2021-08-05","23:00:41",2021,8,5,-72.4651286783605,41.5058827594743
"83",5266,23487737612,TRUE,"2021-08-06 00:00:18",NA,NA,NA,20,NA,2.6,"3D valid GPS Fix",3,"BRIGHT",133,NA,NA,"Mortality no radius","Iridium TCP","gps",NA,47781,NA,"Odocoileus virginianus DeNicola Staten Island, NY and Rockefeller Park, NY","2021-08-06","00:00:18",2021,8,6,-72.4647293469597,41.5061499390876
"84",5267,23487737466,TRUE,"2021-08-06 01:00:36",NA,NA,NA,19,NA,2.2,"3D valid GPS Fix",4,"TWILIGHT",111,NA,NA,"Mortality no radius","Collar","gps",NA,47781,NA,"Odocoileus virginianus DeNicola Staten Island, NY and Rockefeller Park, NY","2021-08-06","01:00:36",2021,8,6,-72.4645730220909,41.5061300842065
"85",5268,23487737467,TRUE,"2021-08-06 02:00:35",NA,NA,NA,18,NA,2.6,"3D valid GPS Fix",4,"DARK",78,NA,NA,"Mortality no radius","Collar","gps",NA,47781,NA,"Odocoileus virginianus DeNicola Staten Island, NY and Rockefeller Park, NY","2021-08-06","02:00:35",2021,8,6,-72.4647448906293,41.5061734342677
"86",5269,23487737468,TRUE,"2021-08-06 03:00:38",NA,NA,NA,17,NA,1.6,"3D valid GPS Fix",5,"DARK",98,NA,NA,"Mortality no radius","Collar","gps",NA,47781,NA,"Odocoileus virginianus DeNicola Staten Island, NY and Rockefeller Park, NY","2021-08-06","03:00:38",2021,8,6,-72.4644768153132,41.506162089516
"87",5270,23487737613,TRUE,"2021-08-06 04:02:06",NA,NA,NA,17,NA,4.8,"3D valid GPS Fix",4,"DARK",72,NA,NA,"Mortality no radius","Iridium TCP","gps",NA,47781,NA,"Odocoileus virginianus DeNicola Staten Island, NY and Rockefeller Park, NY","2021-08-06","04:02:06",2021,8,6,-72.4644431053814,41.5062000511579
"88",5271,23487737469,TRUE,"2021-08-06 05:00:20",NA,NA,NA,17,NA,2.8,"3D valid GPS Fix",4,"DARK",99,NA,NA,"Mortality no radius","Collar","gps",NA,47781,NA,"Odocoileus virginianus DeNicola Staten Island, NY and Rockefeller Park, NY","2021-08-06","05:00:20",2021,8,6,-72.4647124522306,41.5062271220269
"89",5272,23487737470,TRUE,"2021-08-06 06:01:36",NA,NA,NA,16,NA,2.2,"3D valid GPS Fix",5,"DARK",104,NA,NA,"Mortality no radius","Collar","gps",NA,47781,NA,"Odocoileus virginianus DeNicola Staten Island, NY and Rockefeller Park, NY","2021-08-06","06:01:36",2021,8,6,-72.464536934303,41.5061869789984
"90",5273,23487737471,TRUE,"2021-08-06 07:00:11",NA,NA,NA,16,NA,3,"3D valid GPS Fix",5,"DARK",82,NA,NA,"Mortality no radius","Collar","gps",NA,47781,NA,"Odocoileus virginianus DeNicola Staten Island, NY and Rockefeller Park, NY","2021-08-06","07:00:11",2021,8,6,-72.4645693722399,41.5061198056969
"91",5274,23487737614,TRUE,"2021-08-06 08:00:36",NA,NA,NA,16,NA,3,"3D valid GPS Fix",4,"DARK",77,NA,NA,"Mortality no radius","Iridium TCP","gps",NA,47781,NA,"Odocoileus virginianus DeNicola Staten Island, NY and Rockefeller Park, NY","2021-08-06","08:00:36",2021,8,6,-72.4645861858961,41.5061859982845
"92",5275,23487737472,TRUE,"2021-08-06 09:00:38",NA,NA,NA,17,NA,2,"3D valid GPS Fix",5,"TWILIGHT",88,NA,NA,"Mortality no radius","Collar","gps",NA,47781,NA,"Odocoileus virginianus DeNicola Staten Island, NY and Rockefeller Park, NY","2021-08-06","09:00:38",2021,8,6,-72.4645838073807,41.5061240187164
"93",5276,23487737473,TRUE,"2021-08-06 10:00:38",NA,NA,NA,17,NA,3.4,"3D valid GPS Fix",5,"BRIGHT",74,NA,NA,"Mortality no radius","Collar","gps",NA,47781,NA,"Odocoileus virginianus DeNicola Staten Island, NY and Rockefeller Park, NY","2021-08-06","10:00:38",2021,8,6,-72.4644876002872,41.5061560241401
"94",5277,23487737474,TRUE,"2021-08-06 11:00:11",NA,NA,NA,17,NA,4.6,"3D valid GPS Fix",5,"BRIGHT",79,NA,NA,"Mortality no radius","Collar","gps",NA,47781,NA,"Odocoileus virginianus DeNicola Staten Island, NY and Rockefeller Park, NY","2021-08-06","11:00:11",2021,8,6,-72.4644575406634,41.5062177496273
"95",5278,23487737615,TRUE,"2021-08-06 12:00:33",NA,NA,NA,18,NA,3.2,"3D valid GPS Fix",5,"BRIGHT",109,NA,NA,"Mortality no radius","Iridium TCP","gps",NA,47781,NA,"Odocoileus virginianus DeNicola Staten Island, NY and Rockefeller Park, NY","2021-08-06","12:00:33",2021,8,6,-72.4644672195111,41.5061249745854
"96",5279,23487737475,TRUE,"2021-08-06 13:00:29",NA,NA,NA,20,NA,2.4,"3D valid GPS Fix",4,"BRIGHT",146,NA,NA,"Mortality no radius","Collar","gps",NA,47781,NA,"Odocoileus virginianus DeNicola Staten Island, NY and Rockefeller Park, NY","2021-08-06","13:00:29",2021,8,6,-72.4648928882355,41.5060640171805
"97",5280,23487737477,TRUE,"2021-08-06 15:00:38",NA,NA,NA,31,NA,3.6,"3D valid GPS Fix",4,"BRIGHT",101,NA,NA,"Mortality no radius","Collar","gps",NA,47781,NA,"Odocoileus virginianus DeNicola Staten Island, NY and Rockefeller Park, NY","2021-08-06","15:00:38",2021,8,6,-72.4644323205545,41.5062600581713
"98",5281,23487737616,TRUE,"2021-08-06 16:00:13",NA,NA,NA,30,NA,6.4,"3D valid GPS Fix",4,"BRIGHT",68,NA,NA,"Mortality no radius","Iridium TCP","gps",NA,47781,NA,"Odocoileus virginianus DeNicola Staten Island, NY and Rockefeller Park, NY","2021-08-06","16:00:13",2021,8,6,-72.4643228666106,41.506231184979
"99",5282,23487737478,TRUE,"2021-08-06 17:00:12",NA,NA,NA,35,NA,4.4,"3D valid GPS Fix",4,"BRIGHT",116,NA,NA,"Mortality no radius","Collar","gps",NA,47781,NA,"Odocoileus virginianus DeNicola Staten Island, NY and Rockefeller Park, NY","2021-08-06","17:00:12",2021,8,6,-72.4645105249323,41.5060432155594
"100",5283,23487737479,TRUE,"2021-08-06 18:01:38",NA,NA,NA,45,NA,4.4,"3D valid GPS Fix",4,"BRIGHT",83,NA,NA,"Mortality no radius","Collar","gps",NA,47781,NA,"Odocoileus virginianus DeNicola Staten Island, NY and Rockefeller Park, NY","2021-08-06","18:01:38",2021,8,6,-72.4643733903876,41.5062054738744
"101",5284,23487737480,TRUE,"2021-08-06 19:00:56",NA,NA,NA,40,NA,6,"3D valid GPS Fix",4,"BRIGHT",88,NA,NA,"Mortality no radius","Collar","gps",NA,47781,NA,"Odocoileus virginianus DeNicola Staten Island, NY and Rockefeller Park, NY","2021-08-06","19:00:56",2021,8,6,-72.4644202633711,41.5063582813377
"102",5285,23487737617,TRUE,"2021-08-06 20:00:15",NA,NA,NA,47,NA,5,"3D valid GPS Fix",4,"BRIGHT",174,NA,NA,"Mortality no radius","Iridium TCP","gps",NA,47781,NA,"Odocoileus virginianus DeNicola Staten Island, NY and Rockefeller Park, NY","2021-08-06","20:00:15",2021,8,6,-72.4643051175939,41.5054813742564
"103",5286,23487737481,TRUE,"2021-08-06 21:00:36",NA,NA,NA,40,NA,2.8,"3D valid GPS Fix",6,"BRIGHT",95,NA,NA,"Mortality no radius","Collar","gps",NA,47781,NA,"Odocoileus virginianus DeNicola Staten Island, NY and Rockefeller Park, NY","2021-08-06","21:00:36",2021,8,6,-72.4645453410735,41.5061593906299
"104",5287,23487737483,TRUE,"2021-08-06 23:00:38",NA,NA,NA,29,NA,6.2,"3D valid GPS Fix",3,"BRIGHT",76,NA,NA,"Mortality no radius","Collar","gps",NA,47781,NA,"Odocoileus virginianus DeNicola Staten Island, NY and Rockefeller Park, NY","2021-08-06","23:00:38",2021,8,6,-72.4645416910911,41.5062435108347
"105",5288,23487737618,TRUE,"2021-08-07 00:01:12",NA,NA,NA,27,NA,3.2,"3D valid GPS Fix",3,"BRIGHT",109,NA,NA,"Mortality no radius","Iridium TCP","gps",NA,47781,NA,"Odocoileus virginianus DeNicola Staten Island, NY and Rockefeller Park, NY","2021-08-07","00:01:12",2021,8,7,-72.4642014388215,41.5066291488866
"106",5289,23487737484,TRUE,"2021-08-07 01:01:00",NA,NA,NA,25,NA,2.4,"3D valid GPS Fix",3,"TWILIGHT",97,NA,NA,"Mortality no radius","Collar","gps",NA,47781,NA,"Odocoileus virginianus DeNicola Staten Island, NY and Rockefeller Park, NY","2021-08-07","01:01:00",2021,8,7,-72.4646126775932,41.5061189592548
"107",5290,23487737485,TRUE,"2021-08-07 02:00:21",NA,NA,NA,24,NA,2,"3D valid GPS Fix",4,"DARK",79,NA,NA,"Mortality no radius","Collar","gps",NA,47781,NA,"Odocoileus virginianus DeNicola Staten Island, NY and Rockefeller Park, NY","2021-08-07","02:00:21",2021,8,7,-72.4644719759224,41.5061680206065
"108",5291,23487737486,TRUE,"2021-08-07 03:00:36",NA,NA,NA,22,NA,2,"3D valid GPS Fix",5,"DARK",108,NA,NA,"Mortality no radius","Collar","gps",NA,47781,NA,"Odocoileus virginianus DeNicola Staten Island, NY and Rockefeller Park, NY","2021-08-07","03:00:36",2021,8,7,-72.4645453410735,41.5062942450651
"109",5292,23487737619,TRUE,"2021-08-07 04:00:36",NA,NA,NA,22,NA,3.2,"3D valid GPS Fix",4,"DARK",74,NA,NA,"Mortality no radius","Iridium TCP","gps",NA,47781,NA,"Odocoileus virginianus DeNicola Staten Island, NY and Rockefeller Park, NY","2021-08-07","04:00:36",2021,8,7,-72.4644370767971,41.5063300758471
"110",5293,23487737487,TRUE,"2021-08-07 05:00:15",NA,NA,NA,21,NA,4.8,"3D valid GPS Fix",4,"DARK",110,NA,NA,"Mortality no radius","Collar","gps",NA,47781,NA,"Odocoileus virginianus DeNicola Staten Island, NY and Rockefeller Park, NY","2021-08-07","05:00:15",2021,8,7,-72.4647497291907,41.5063023575249
"111",5294,23487737488,TRUE,"2021-08-07 06:00:38",NA,NA,NA,21,NA,2.4,"3D valid GPS Fix",4,"DARK",97,NA,NA,"Mortality no radius","Collar","gps",NA,47781,NA,"Odocoileus virginianus DeNicola Staten Island, NY and Rockefeller Park, NY","2021-08-07","06:00:38",2021,8,7,-72.4644780044266,41.5062402783688
"112",5295,23487737489,TRUE,"2021-08-07 07:00:38",NA,NA,NA,20,NA,5.2,"3D valid GPS Fix",5,"DARK",92,NA,NA,"Mortality no radius","Collar","gps",NA,47781,NA,"Odocoileus virginianus DeNicola Staten Island, NY and Rockefeller Park, NY","2021-08-07","07:00:38",2021,8,7,-72.4644635691973,41.5062360654431
"113",5296,23487737620,TRUE,"2021-08-07 08:00:22",NA,NA,NA,20,NA,2.8,"3D valid GPS Fix",5,"DARK",67,NA,NA,"Mortality no radius","Iridium TCP","gps",NA,47781,NA,"Odocoileus virginianus DeNicola Staten Island, NY and Rockefeller Park, NY","2021-08-07","08:00:22",2021,8,7,-72.4645801575638,41.5061946533927
"114",5297,23487737490,TRUE,"2021-08-07 09:00:30",NA,NA,NA,19,NA,4.8,"3D valid GPS Fix",4,"TWILIGHT",79,NA,NA,"Mortality no radius","Collar","gps",NA,47781,NA,"Odocoileus virginianus DeNicola Staten Island, NY and Rockefeller Park, NY","2021-08-07","09:00:30",2021,8,7,-72.4648458554398,41.5063597863155
"115",5298,23487737491,TRUE,"2021-08-07 10:00:34",NA,NA,NA,19,NA,2.8,"3D valid GPS Fix",6,"BRIGHT",98,NA,NA,"Mortality no radius","Collar","gps",NA,47781,NA,"Odocoileus virginianus DeNicola Staten Island, NY and Rockefeller Park, NY","2021-08-07","10:00:34",2021,8,7,-72.464658361436,41.5061396357283
"116",5299,23487737492,TRUE,"2021-08-07 11:00:11",NA,NA,NA,19,NA,2.4,"3D valid GPS Fix",6,"BRIGHT",84,NA,NA,"Mortality no radius","Collar","gps",NA,47781,NA,"Odocoileus virginianus DeNicola Staten Island, NY and Rockefeller Park, NY","2021-08-07","11:00:11",2021,8,7,-72.4644190743302,41.5062261504819
"117",5300,23487737621,TRUE,"2021-08-07 12:00:36",NA,NA,NA,20,NA,3.6,"3D valid GPS Fix",4,"BRIGHT",117,NA,NA,"Mortality no radius","Iridium TCP","gps",NA,47781,NA,"Odocoileus virginianus DeNicola Staten Island, NY and Rockefeller Park, NY","2021-08-07","12:00:36",2021,8,7,-72.4646018922175,41.5060845684564
"118",5301,23487737493,TRUE,"2021-08-07 13:00:25",NA,NA,NA,23,NA,2.2,"3D valid GPS Fix",4,"BRIGHT",138,NA,NA,"Mortality no radius","Collar","gps",NA,47781,NA,"Odocoileus virginianus DeNicola Staten Island, NY and Rockefeller Park, NY","2021-08-07","13:00:25",2021,8,7,-72.464500929099,41.5061274696456
"119",5302,23487737494,TRUE,"2021-08-07 14:01:00",NA,NA,NA,25,NA,4,"3D valid GPS Fix",4,"BRIGHT",101,NA,NA,"Mortality no radius","Collar","gps",NA,47781,NA,"Odocoileus virginianus DeNicola Staten Island, NY and Rockefeller Park, NY","2021-08-07","14:01:00",2021,8,7,-72.464645115709,41.5063080097969
"120",5303,23487737495,TRUE,"2021-08-07 15:00:36",NA,NA,NA,26,NA,2.6,"3D valid GPS Fix",5,"BRIGHT",88,NA,NA,"Mortality no radius","Collar","gps",NA,47781,NA,"Odocoileus virginianus DeNicola Staten Island, NY and Rockefeller Park, NY","2021-08-07","15:00:36",2021,8,7,-72.4644719759224,41.5062624189976
"121",5304,23487737622,TRUE,"2021-08-07 16:00:11",NA,NA,NA,31,NA,3.6,"3D valid GPS Fix",5,"BRIGHT",110,NA,NA,"Mortality no radius","Iridium TCP","gps",NA,47781,NA,"Odocoileus virginianus DeNicola Staten Island, NY and Rockefeller Park, NY","2021-08-07","16:00:11",2021,8,7,-72.4645213099766,41.5062124608269
"122",5305,23487737496,TRUE,"2021-08-07 17:00:13",NA,NA,NA,29,NA,2.4,"3D valid GPS Fix",5,"BRIGHT",95,NA,NA,"Mortality no radius","Collar","gps",NA,47781,NA,"Odocoileus virginianus DeNicola Staten Island, NY and Rockefeller Park, NY","2021-08-07","17:00:13",2021,8,7,-72.4644828437908,41.5060185797666
"123",5306,23487737497,TRUE,"2021-08-07 18:01:08",NA,NA,NA,30,NA,4,"3D valid GPS Fix",4,"BRIGHT",120,NA,NA,"Mortality no radius","Collar","gps",NA,47781,NA,"Odocoileus virginianus DeNicola Staten Island, NY and Rockefeller Park, NY","2021-08-07","18:01:08",2021,8,7,-72.4647762201023,41.5061274352182
"124",5307,23487737498,TRUE,"2021-08-07 19:00:36",NA,NA,NA,32,NA,5.6,"3D valid GPS Fix",4,"BRIGHT",99,NA,NA,"Mortality no radius","Collar","gps",NA,47781,NA,"Odocoileus virginianus DeNicola Staten Island, NY and Rockefeller Park, NY","2021-08-07","19:00:36",2021,8,7,-72.4645597762125,41.5061501181474
"125",5308,23487737623,TRUE,"2021-08-07 20:00:26",NA,NA,NA,38,NA,6.8,"3D valid GPS Fix",4,"BRIGHT",111,NA,NA,"Mortality no radius","Iridium TCP","gps",NA,47781,NA,"Odocoileus virginianus DeNicola Staten Island, NY and Rockefeller Park, NY","2021-08-07","20:00:26",2021,8,7,-72.4638758856128,41.5050245629248
"126",5309,23487737499,TRUE,"2021-08-07 21:00:34",NA,NA,NA,36,NA,2.6,"3D valid GPS Fix",6,"BRIGHT",108,NA,NA,"Mortality no radius","Collar","gps",NA,47781,NA,"Odocoileus virginianus DeNicola Staten Island, NY and Rockefeller Park, NY","2021-08-07","21:00:34",2021,8,7,-72.4646559827392,41.5060776564434
"127",5310,23487737500,TRUE,"2021-08-07 22:00:37",NA,NA,NA,31,NA,2.6,"3D valid GPS Fix",3,"BRIGHT",95,NA,NA,"Mortality no radius","Collar","gps",NA,47781,NA,"Odocoileus virginianus DeNicola Staten Island, NY and Rockefeller Park, NY","2021-08-07","22:00:37",2021,8,7,-72.4645381234953,41.5061842550815
"128",5311,23487737501,TRUE,"2021-08-07 23:00:30",NA,NA,NA,28,NA,2.6,"3D valid GPS Fix",3,"BRIGHT",87,NA,NA,"Mortality no radius","Collar","gps",NA,47781,NA,"Odocoileus virginianus DeNicola Staten Island, NY and Rockefeller Park, NY","2021-08-07","23:00:30",2021,8,7,-72.4644864111584,41.5061992045704
"129",5312,23487737624,TRUE,"2021-08-08 00:01:02",NA,NA,NA,25,NA,3,"3D valid GPS Fix",3,"BRIGHT",88,NA,NA,"Mortality no radius","Iridium TCP","gps",NA,47781,NA,"Odocoileus virginianus DeNicola Staten Island, NY and Rockefeller Park, NY","2021-08-08","00:01:02",2021,8,8,-72.4643517373748,41.5063340091808
"130",5313,23487737502,TRUE,"2021-08-08 01:00:36",NA,NA,NA,24,NA,2.2,"3D valid GPS Fix",4,"TWILIGHT",93,NA,NA,"Mortality no radius","Collar","gps",NA,47781,NA,"Odocoileus virginianus DeNicola Staten Island, NY and Rockefeller Park, NY","2021-08-08","01:00:36",2021,8,8,-72.4645609654351,41.5061743651343
"131",5314,23487737503,TRUE,"2021-08-08 02:00:34",NA,NA,NA,23,NA,1.6,"3D valid GPS Fix",6,"DARK",98,NA,NA,"Mortality no radius","Collar","gps",NA,47781,NA,"Odocoileus virginianus DeNicola Staten Island, NY and Rockefeller Park, NY","2021-08-08","02:00:34",2021,8,8,-72.4648026305757,41.506163315107
"132",5315,23487737504,TRUE,"2021-08-08 03:00:10",NA,NA,NA,22,NA,2.2,"3D valid GPS Fix",4,"DARK",104,NA,NA,"Mortality no radius","Collar","gps",NA,47781,NA,"Odocoileus virginianus DeNicola Staten Island, NY and Rockefeller Park, NY","2021-08-08","03:00:10",2021,8,8,-72.4645140923993,41.5061833834763
"133",5316,23487737625,TRUE,"2021-08-08 04:00:51",NA,NA,NA,22,NA,5.6,"3D valid GPS Fix",4,"DARK",82,NA,NA,"Mortality no radius","Iridium TCP","gps",NA,47781,NA,"Odocoileus virginianus DeNicola Staten Island, NY and Rockefeller Park, NY","2021-08-08","04:00:51",2021,8,8,-72.4644719759224,41.5061949916036
"134",5317,23487737505,TRUE,"2021-08-08 05:00:20",NA,NA,NA,22,NA,5,"3D valid GPS Fix",4,"DARK",120,NA,NA,"Mortality no radius","Collar","gps",NA,47781,NA,"Odocoileus virginianus DeNicola Staten Island, NY and Rockefeller Park, NY","2021-08-08","05:00:20",2021,8,8,-72.4649468998184,41.5064162463165
"135",5318,23487737506,TRUE,"2021-08-08 06:00:56",NA,NA,NA,22,NA,4.4,"3D valid GPS Fix",4,"DARK",92,NA,NA,"Mortality no radius","Collar","gps",NA,47781,NA,"Odocoileus virginianus DeNicola Staten Island, NY and Rockefeller Park, NY","2021-08-08","06:00:56",2021,8,8,-72.4644551624877,41.5061827409804
"136",5319,23487737507,TRUE,"2021-08-08 07:00:12",NA,NA,NA,21,NA,9.2,"3D valid GPS Fix",4,"DARK",89,NA,NA,"Mortality no radius","Collar","gps",NA,47781,NA,"Odocoileus virginianus DeNicola Staten Island, NY and Rockefeller Park, NY","2021-08-08","07:00:12",2021,8,8,-72.4644335096104,41.5062303634269
"137",5320,23487737626,TRUE,"2021-08-08 08:00:21",NA,NA,NA,21,NA,3.6,"3D valid GPS Fix",4,"DARK",102,NA,NA,"Mortality no radius","Iridium TCP","gps",NA,47781,NA,"Odocoileus virginianus DeNicola Staten Island, NY and Rockefeller Park, NY","2021-08-08","08:00:21",2021,8,8,-72.4647040453018,41.5062007685515
"138",5321,23487737508,TRUE,"2021-08-08 09:00:38",NA,NA,NA,20,NA,1.8,"3D valid GPS Fix",7,"TWILIGHT",106,NA,NA,"Mortality no radius","Collar","gps",NA,47781,NA,"Odocoileus virginianus DeNicola Staten Island, NY and Rockefeller Park, NY","2021-08-08","09:00:38",2021,8,8,-72.4645501802281,41.506072546877
"139",5322,23487737509,TRUE,"2021-08-08 10:00:38",NA,NA,NA,20,NA,3.8,"3D valid GPS Fix",5,"BRIGHT",91,NA,NA,"Mortality no radius","Collar","gps",NA,47781,NA,"Odocoileus virginianus DeNicola Staten Island, NY and Rockefeller Park, NY","2021-08-08","10:00:38",2021,8,8,-72.4645008463713,41.5061899320575
"140",5323,23487737510,TRUE,"2021-08-08 11:00:10",NA,NA,NA,20,NA,4.4,"3D valid GPS Fix",5,"BRIGHT",78,NA,NA,"Mortality no radius","Collar","gps",NA,47781,NA,"Odocoileus virginianus DeNicola Staten Island, NY and Rockefeller Park, NY","2021-08-08","11:00:10",2021,8,8,-72.4645032246684,41.5062249407236
"141",5324,23487737627,TRUE,"2021-08-08 12:01:08",NA,NA,NA,21,NA,2.6,"3D valid GPS Fix",4,"BRIGHT",131,NA,NA,"Mortality no radius","Iridium TCP","gps",NA,47781,NA,"Odocoileus virginianus DeNicola Staten Island, NY and Rockefeller Park, NY","2021-08-08","12:01:08",2021,8,8,-72.4646463865632,41.506161910516
"142",5325,23487737512,TRUE,"2021-08-08 14:00:38",NA,NA,NA,22,NA,5.6,"3D valid GPS Fix",4,"BRIGHT",89,NA,NA,"Mortality no radius","Collar","gps",NA,47781,NA,"Odocoileus virginianus DeNicola Staten Island, NY and Rockefeller Park, NY","2021-08-08","14:00:38",2021,8,8,-72.464546530278,41.5061836376418
"143",5326,23487737513,TRUE,"2021-08-08 15:00:38",NA,NA,NA,23,NA,2.8,"3D valid GPS Fix",6,"BRIGHT",89,NA,NA,"Mortality no radius","Collar","gps",NA,47781,NA,"Odocoileus virginianus DeNicola Staten Island, NY and Rockefeller Park, NY","2021-08-08","15:00:38",2021,8,8,-72.4644190743302,41.5062800923641
"144",5327,23487737628,TRUE,"2021-08-08 16:00:11",NA,NA,NA,22,NA,4,"3D valid GPS Fix",4,"BRIGHT",83,NA,NA,"Mortality no radius","Iridium TCP","gps",NA,47781,NA,"Odocoileus virginianus DeNicola Staten Island, NY and Rockefeller Park, NY","2021-08-08","16:00:11",2021,8,8,-72.4644647582958,41.5062333415889
"145",5328,23487737514,TRUE,"2021-08-08 17:00:12",NA,NA,NA,22,NA,5,"3D valid GPS Fix",4,"BRIGHT",105,NA,NA,"Mortality no radius","Collar","gps",NA,47781,NA,"Odocoileus virginianus DeNicola Staten Island, NY and Rockefeller Park, NY","2021-08-08","17:00:12",2021,8,8,-72.4645573977766,41.5060341969941
"146",5329,23487737515,TRUE,"2021-08-08 18:01:00",NA,NA,NA,25,NA,4.4,"3D valid GPS Fix",4,"BRIGHT",88,NA,NA,"Mortality no radius","Collar","gps",NA,47781,NA,"Odocoileus virginianus DeNicola Staten Island, NY and Rockefeller Park, NY","2021-08-08","18:01:00",2021,8,8,-72.4645994317727,41.5061659642043
"147",5330,23487737516,TRUE,"2021-08-08 19:00:27",NA,NA,NA,25,NA,5.4,"3D valid GPS Fix",4,"BRIGHT",-31,NA,NA,"Mortality no radius","Collar","gps",NA,47781,NA,"Odocoileus virginianus DeNicola Staten Island, NY and Rockefeller Park, NY","2021-08-08","19:00:27",2021,8,8,-72.4647879546139,41.5065218083402
"148",5331,23487737629,TRUE,"2021-08-08 20:00:24",NA,NA,NA,27,NA,5.6,"3D valid GPS Fix",4,"BRIGHT",0,NA,NA,"Mortality no radius","Iridium TCP","gps",NA,47781,NA,"Odocoileus virginianus DeNicola Staten Island, NY and Rockefeller Park, NY","2021-08-08","20:00:24",2021,8,8,-72.4647831964233,41.5064922455508
"149",5332,23487737517,TRUE,"2021-08-08 21:00:38",NA,NA,NA,26,NA,2.4,"3D valid GPS Fix",6,"BRIGHT",89,NA,NA,"Mortality no radius","Collar","gps",NA,47781,NA,"Odocoileus virginianus DeNicola Staten Island, NY and Rockefeller Park, NY","2021-08-08","21:00:38",2021,8,8,-72.4645152815613,41.5061132321516
"150",5333,23487737518,TRUE,"2021-08-08 22:00:33",NA,NA,NA,25,NA,1.8,"3D valid GPS Fix",5,"BRIGHT",98,NA,NA,"Mortality no radius","Collar","gps",NA,47781,NA,"Odocoileus virginianus DeNicola Staten Island, NY and Rockefeller Park, NY","2021-08-08","22:00:33",2021,8,8,-72.4645886464215,41.5060371749177
"151",5334,23487737519,TRUE,"2021-08-08 23:00:26",NA,NA,NA,24,NA,2.4,"3D valid GPS Fix",4,"BRIGHT",174,NA,NA,"Mortality no radius","Collar","gps",NA,47781,NA,"Odocoileus virginianus DeNicola Staten Island, NY and Rockefeller Park, NY","2021-08-08","23:00:26",2021,8,8,-72.4649410302495,41.5059898134023
"152",5335,23487737630,TRUE,"2021-08-09 00:00:38",NA,NA,NA,22,NA,3,"3D valid GPS Fix",3,"TWILIGHT",140,NA,NA,"Mortality no radius","Iridium TCP","gps",NA,47781,NA,"Odocoileus virginianus DeNicola Staten Island, NY and Rockefeller Park, NY","2021-08-09","00:00:38",2021,8,9,-72.4644780873446,41.5061373595239
"153",5336,23487737520,TRUE,"2021-08-09 01:00:36",NA,NA,NA,21,NA,2.2,"3D valid GPS Fix",5,"TWILIGHT",91,NA,NA,"Mortality no radius","Collar","gps",NA,47781,NA,"Odocoileus virginianus DeNicola Staten Island, NY and Rockefeller Park, NY","2021-08-09","01:00:36",2021,8,9,-72.4645309059114,41.5061686631228
"154",5337,23487737521,TRUE,"2021-08-09 02:00:17",NA,NA,NA,21,NA,2,"3D valid GPS Fix",4,"DARK",91,NA,NA,"Mortality no radius","Collar","gps",NA,47781,NA,"Odocoileus virginianus DeNicola Staten Island, NY and Rockefeller Park, NY","2021-08-09","02:00:17",2021,8,9,-72.464570561478,41.5062923930518
"155",5338,23487737522,TRUE,"2021-08-09 03:00:38",NA,NA,NA,21,NA,3.4,"3D valid GPS Fix",3,"DARK",97,NA,NA,"Mortality no radius","Collar","gps",NA,47781,NA,"Odocoileus virginianus DeNicola Staten Island, NY and Rockefeller Park, NY","2021-08-09","03:00:38",2021,8,9,-72.4645224991476,41.5061692805753
